{
  "rainIntensity": {
    "max": 100,
    "min": 0,
    "text": "Интенсивность",
    "type": "slider",
    "value": 40
  },
  "rainSpeed": {
    "max": 100,
    "min": 0,
    "text": "Скорость",
    "type": "slider",
    "value": 25
  },
  "brightness": {
    "max": 100,
    "min": 0,
    "text": "Яркость",
    "type": "slider",
    "value": 75
  },
  "rainNormal": {
    "max": 100,
    "min": 0,
    "text": "Насыщенность",
    "type": "slider",
    "value": 50
  },
  "rainZoom": {
    "max": 300,
    "min": 10,
    "text": "Приближение",
    "type": "slider",
    "value": 261
  },
  "mediaSelect": {
    "type": "folderDropdown",
    "value": "video.webm",
    "text": "Фон (.jpg, .jpeg, .png, .webm)",
    "filter": "*.jpg|*.jpeg|*.gif|*.png|*.webm",
    "folder": "media"
  },
  "mediaScaling": {
    "type": "dropdown",
    "value": 1,
    "text": "Масштабирование",
    "items": ["Растяжение", "Заполнение"]
  },
  "blurQuality": {
    "type": "dropdown",
    "value": 1,
    "text": "Качество размытия",
    "items": ["Откл", "Низкое", "Высокое", "Максимальное"]
  },
  "blurIntensity": {
    "max": 100,
    "min": 0,
    "text": "Интенсивность размытия",
    "type": "slider",
    "value": 50
  },
  "parallaxIntensity": {
    "max": 5,
    "min": 0,
    "text": "Паралакс",
    "type": "slider",
    "value": 1
  },
  "animateChk": {
    "type": "checkbox",
    "value": false,
    "text": "Панорамирование"
  },
  "postProcessingChk": {
    "type": "checkbox",
    "value": true,
    "text": "Постобработка"
  },
  "lightningChk": {
    "type": "checkbox",
    "value": false,
    "text": "Молния"
  },
  "fpsLock": {
    "type": "checkbox",
    "value": true,
    "text": "Ограничение в 30 кадров"
  },
  "debug": {
    "type": "checkbox",
    "value": false,
    "text": "Отладка"
  }
}
