{
  "label1": {
    "type": "label",
    "value": "Симуляция"
  },
  "scale1": {
    "max": 2,
    "min": 0,
    "step": 0.01,
    "text": "Размер 1",
    "type": "slider",
    "value": 0.61
  },
  "scale2": {
    "max": 2,
    "min": 0,
    "step": 0.01,
    "text": "Размер 2",
    "type": "slider",
    "value": 0.57
  },
  "iter": {
    "max": 10,
    "min": 0,
    "text": "Энергетика",
    "type": "slider",
    "value": 5
  },
  "brightness": {
    "max": 1,
    "min": 0,
    "step": 0.01,
    "text": "Яркость",
    "type": "slider",
    "value": 1
  },
  "densityColor": {
    "text": "Интенсивность цвета",
    "type": "color",
    "value": "#87b0b7"
  },
  "fogColor": {
    "text": "Цвет тумана",
    "type": "color",
    "value": "#0f1c1c"
  },
  "fog": {
    "type": "checkbox",
    "value": true,
    "text": "Показать туман"
  },
  "mouseClick": {
    "type": "checkbox",
    "value": true,
    "text": "Следовать за мышью"
  },
  "label2": {
    "type": "label",
    "value": "Производительность"
  },
  "displayScaling": {
    "max": 1,
    "min": 0.1,
    "step": 0.01,
    "text": "Шкала",
    "type": "slider",
    "value": 0.25
  },
  "fpsLock": {
    "type": "checkbox",
    "value": true,
    "text": "Ограничение в 24 к/с. Сцена визуализируется в разрешении 1/4 со скоростью 24 кадра в секунду, чтобы уменьшить использование ресурсов (можно изменить)"
  },
  "debug": {
    "type": "checkbox",
    "value": false,
    "text": "Отладка"
  }
}
