{
  //div by 100
  "hillOpacityFac": {
    "max": 1000,
    "min": 0,
    "tick": 1001,
    "text": "Прозрачность холма",
    "type": "slider",
    "value": 50
  },
  "bgColor": {
    "text": "Фон",
    "type": "color",
    "value": "#0e0e0e"
  },
  "hillColor": {
    "text": "Холм",
    "type": "color",
    "value": "#ffffff"
  },
  "fontColor": {
    "text": "Шрифт",
    "type": "color",
    "value": "#ffffff"
  },
  "timeToggle": {
    "type": "checkbox",
    "value": true,
    "text": "Время"
  },
  "dateToggle": {
    "type": "checkbox",
    "value": true,
    "text": "Дата"
  },
  "_12hour": {
    "type": "checkbox",
    "value": true,
    "text": "12 часовой режим"
  },
  "mmddyy": {
    "type": "checkbox",
    "value": false,
    "text": "Месяц/День формат"
  }
}