{
  "labelBackground": {
    "type": "label",
    "value": "Настройки фона"
  },
   "parallaxToggle": {
    "type": "checkbox",
    "value": true,
    "text": "Паралакс"
  },
  "labelSpectrum": {
    "type": "label",
    "value": "Настройки спектра"
  },
  "verticalScale": {
    "max": 50,
    "min": 0,
    "tick": 8,
    "step": 0.1,
    "text": "Амплитуда",
    "type": "slider",
    "value": 8
  },
  "dotScale": {
    "max": 5,
    "min": 0,
    "tick": 1,
    "step": 0.1,
    "text": "Размер точек",
    "type": "slider",
    "value": 0.5
  },
  "sortingMode": {
    "type": "dropdown",
    "value": 2,
    "text": "Режим спектра",
    "items": [
      "Концентрированный",
      "По центру",
      "Оригинальный вид"
    ]
  }
}