{
  "AppVersion": "1.0.0.0",
  "Title": "Media.Parallax (13.03.23)",
  "Thumbnail": "roa1541k.jpg",
  "Preview": "txlls5dg.gif",
  "Desc": "Визуализатор, музыка и параллакс мыши в одном устройстве",
  "Author": "rocksdanisters",
  "License": "see license.txt",
  "Contact": "https://github.com/rocksdanister",
  "Type": 1,
  "FileName": "index.html",
  "Arguments": "--system-nowplaying --audio",
  "IsAbsolutePath": false,
  "Id": null,
  "Tags": null,
  "Version": 0
}