{
  "waveHeight": {
    "max": 40,
    "min": 0,
    "tick": 20,
    "text": "Высота волн",
    "type": "slider",
    "value": 20
  },
  "shininess": {
    "max": 150,
    "min": 0,
    "tick": 10,
    "text": "Сияние",
    "type": "slider",
    "value": 52
  },
  "waveSpeed": {
    "max": 200,
    "min": 0,
    "tick": 20,
    "text": "Скорость волн",
    "type": "slider",
    "value": 40
  },
  "color": {
    "text": "Цвет",
    "type": "color",
    "value": "#006697"
  }
}